{
  "dataset_mean": [
    0.7312424182891846,
    0.6009750366210938,
    0.877369225025177
  ],
  "dataset_std": [
    0.10911298543214798,
    0.10985822230577469,
    0.0696873888373375
  ],
  "imagenet_mean": [
    0.485,
    0.456,
    0.406
  ],
  "imagenet_std": [
    0.229,
    0.224,
    0.225
  ],
  "recommended": "imagenet",
  "note": "Use imagenet stats for normalisation because EfficientNet-B0 was pretrained on ImageNet. Dataset-specific stats are provided for reference."
}